review,label
VแบขI HฦI MแปNG NHร SHOP,0
"Khรดng thแป lแบฏp rรกp sแบฃn phแบฉm, hฦฐแปng dแบซn khรดng rรต rรng.",0
"Chแบฅt liแปu sแบฃn phแบฉm trung bรฌnh, khรดng cรณ gรฌ ฤแบทc biแปt.",1
"Hรng bแป thiแบฟu phแปฅ kiแปn, khรดng thแป sแปญ dแปฅng.",0
Giรก cao mร chแบฅt lฦฐแปฃng lแบกi thแบฅp.,0
"Sแบฃn phแบฉm khรดng ฤรกng ฤแปng tiแปn bรกt gแบกo, thแบญt sแปฑ thแบฅt vแปng.",0
"Kรญch thฦฐแปc khรดng chรญnh xรกc, khรดng phรน hแปฃp vแปi nhu cแบงu.",0
"Hรng khรดng ฤแบกt tiรชu chuแบฉn, rแบฅt kรฉm chแบฅt lฦฐแปฃng.",0
"รกo phom ฤแบนp ko rแปng,vแบฃi cรณ vแบป mแปng, chฦฐa mแบทc ra nแบฏng nhฦฐng cรณ nhiแปu lแป thรดng giรณ nรชn mแบทc mรกt",2
"dkm, shop bรกn hรng cลฉ bรo hรng mแปi, bแป lรกo",0
"Hรng hรณa khรก แปn, nhฦฐng chแบฅt lฦฐแปฃng khรดng cao lแบฏm.",1
"Khรดng thแป hoรn trแบฃ, rแบฅt bแบฅt tiแปn.",0
Sแบฃn phแบฉm rแบฅt dแป bแป hแปng sau lแบงn ฤแบงu sแปญ dแปฅng.,0
"Hรng nhแบญn ฤฦฐแปฃc khรดng ฤแบฟn nแปi tแป, nhฦฐng cลฉng khรดng xuแบฅt sแบฏc.",1
"Chแบฅt lฦฐแปฃng khรดng nhฦฐ mong ฤแปฃi, thแบญt sแปฑ thแบฅt vแปng.",0
"mแปi mua vแป mร cรณ cuแปc gแปi ฤแบฟn ฤแปu khรดng bแบฅm ฤฦฐแปฃc phรญm gแปi vร phรญm tแบฏt , chแบฅt lฦฐแปฃng kรฉm quรก lรm thแบฟ nรo hแบฃ tiki ?",0
Khuyรชn chuyรชn gia hรฃy kiแปm tra thแปญ rแปi hรฃy bรกn cho khรกch. Thiแบฟt bแป nรy chแบฅt lฦฐแปฃng kรฉm รขm thanh nghe bแป mรฉo bass ko ra bass tres ko ra tres รขmthanh nhแป,0
Mแบซu mรฃ khรดng ฤแบนp nhฦฐ trong hรฌnh.,0
"Kรญch thฦฐแปc khรดng chรญnh xรกc, quรก nhแป cho nhu cแบงu cแปงa tรดi.",0
"Dแปch vแปฅ khรกch hรng rแบฅt tแป, khรดng hแป trแปฃ gรฌ.",0
"Chแบฅt lฦฐแปฃng sแบฃn phแบฉm trung bรฌnh, khรดng cรณ gรฌ nแปi bแบญt.",1
Giao hรng ฤรบng tiรชu_chuแบฉn,2
"Sแบฃn phแบฉm khรดng tแปt cลฉng khรดng tแป, chแป bรฌnh thฦฐแปng.",1
Hรng vแป rแปi. Shop gรณi hรng kฤฉ quรก ๐๐. Chแบฅt lฦฐแปฃng tแปt lแบฏm. Cแบฃm ฦกn shop nha,2
Mรฌnh mua lแบงn 2 rแปi. vแบซn rแบฅt hรi lรฒng. bรฌnh rแบฅt ฤแบนp. giao ฤรบng mแบซu mรฌnh chแปn. Mรฌnh sแบฝ แปงng hแป tiแบฟp. mua tแบทng bแบกn bรจ. Thanks shop nhiแปu ๐,2
tui ฤแบทt mแบซu sแป 2 mร shop gแปญi tui gแบญy ฤรณ.lรm ฤn gian dแปi,0
"Chแบฅt liแปu sแบฃn phแบฉm trung bรฌnh, khรดng cรณ gรฌ ฤแบทc biแปt.",1
ฤแปng goi chแบฏc chแบฏn hรng ฤแบนp hฦกn mong ฤแปฃi chแปง shop nhiแปt tรฌnh noi chung sแบฃn phแบฉm chแบฅt lฦฐแปฃng sแบฝ แปงng hแป shop thรชm nแปฏa,2
Quรก nhiแปu vแบฅn ฤแป khi sแปญ dแปฅng sแบฃn phแบฉm.,0
"San pham khong co gi dac biet, chi binh thuong.",1
"Hรng bแป mรฉo mรณ khi nhแบญn, khรดng dรนng ฤฦฐแปฃc.",0
"Sแบฃn phแบฉm khรก vแปซa รฝ, nhฦฐng cลฉng khรดng cรณ gรฌ nแปi bแบญt.",1
quรขn lot su dp giรดg mรขu nhฦฐg hang ko tรดt nhฦฐ jm ฤa mua chรขt liรชu vai cฦฐng ko miรชm ko mat,0
"Rแบฅt dแป bแป trแบงy xฦฐแปc, khรดng bแปn.",0
"Hรng giao khรดng ฤรบng ฤแปa chแป, rแบฅt bแปฑc bแปi.",0
"Sแบฃn phแบฉm khรดng bแปn, dแป hแปng.",0
"Chแบฅt liแปu khรดng tแปt, rแบฅt kรฉm chแบฅt lฦฐแปฃng.",0
"Chแบฅt lฦฐแปฃng hรฌnh แบฃnh kรฉm, khรดng sแบฏc nรฉt.",0
"Sแบฃn phแบฉm khรดng cรณ gรฌ nแปi bแบญt, rแบฅt chรกn.",0
"Shop bรกn hรng khรดng cรณ tรขm, lแปซa ฤแบฃo",0
hรng dแปm... xem khรดng nhฦฐ quแบฃng cรกo,0
"Mรu sแบฏc khรดng ฤรบng, khรดng ฤแบนp nhฦฐ trong hรฌnh.",0
"Thแปi gian giao hรng vแปซa phแบฃi, nhฦฐng sแบฃn phแบฉm khรดng แบฅn tฦฐแปฃng.",1
"Dแปch vแปฅ khรกch hรng khรก tแปt, nhฦฐng sแบฃn phแบฉm thรฌ chแป แปn.",1
"Sแบฃn phแบฉm cรณ giรก cแบฃ hแปฃp lรฝ, nhฦฐng chแบฅt lฦฐแปฃng khรดng cao.",1
"hang phu hop gia tien,  ba lo hoi mong manh,  ao khoac ok",2
doi size 38 nhe.e lay them cai mau trang nua.2 cai den voi mau da nay dep nhung e kg cai moc dc.cho e doi size lon 38 them 1 cai trang nua nhashop oi,2
"Hรng khรดng thแป sแปญ dแปฅng ฤฦฐแปฃc, thแบญt sแปฑ tแป.",0
Khรดng thแป sแปญ dแปฅng ฤฦฐแปฃc vรฌ bแป hแปng.,0
Khรดng hรi lรฒng vแปi dแปch vแปฅ khรกch hรng.,0
"Dแปch vแปฅ giao hรng bรฌnh thฦฐแปng, khรดng cรณ gรฌ ฤแบทc biแปt.",1
"Chแบฅt lฦฐแปฃng kรฉm, rแบฅt thแบฅt vแปng.",0
"Khรดng thoแบฃi mรกi khi sแปญ dแปฅng, rแบฅt khรณ chแปu.",0
Rแบฅt thแบฅt vแปng vแปi chแบฅt lฦฐแปฃng.,0
"Hรng khรดng cรณ gรฌ nแปi bแบญt, rแบฅt nhรm chรกn.",0
"hag chuan, rat ug y, cam on sh",2
san pham kem chat luong. that te luon,0
"Khรดng thoแบฃi mรกi, chแบฅt liแปu quรก cแปฉng.",0
"Hรng khรดng ฤรบng nhฦฐ mรด tแบฃ, rแบฅt chรกn.",0
"Hรng giao bแป thiแบฟu phแปฅ kiแปn, khรดng thแป sแปญ dแปฅng.",0
Hรng bแป trแบงy xฦฐแปc khi nhแบญn.,0
"hรng ฤแบนp, ฤรฃ sแปญ dแปฅng thแปญ rแบฅt ok, khรดng bแป thแบฅm nฦฐแปc qua bรชn ngoรi thรnh ly. shop bรกn hรng rแบฅt nhiแปt tรฌnh",2
"mรฌnh ฤรฃ nhแบญn ฤc xe rแปi shop แบก. Xe nhรฌn chแบฅt quรก, chแบกy cลฉng khแปe. chแปng mรฌnh ngแปi lรชn 65kg vแบซn chแบกy vรจo vรจo, tฦฐ vแบฅn nhiแปt tรฌnh, xe cลฉng dแป dรนngthรดi. ฤแบทc biแปt mรฌnh thแบฅy giรก shop bรกn rแบป hฦกn vฦกi thแป trฦฐแปng khรก nhiแปu.",2
quรก แปn. mua 2c chแบกy tแปt cแบฃ 2. 5 sao nhรฉ,2
"Kรญch thฦฐแปc khรดng nhฦฐ quแบฃng cรกo, quรก nhแป.",0
"Kรญch thฦฐแปc khรดng nhฦฐ quแบฃng cรกo, quรก nhแป.",0
rแบฅt tแปt giao hรng rแบฅt nhanh,2
"Khรดng thแป lแบฏp rรกp, khรดng cรณ hฦฐแปng dแบซn.",0
"Hรng hรณa tแบกm ฤฦฐแปฃc, nhฦฐng cรณ thแป cแบฃi thiแปn hฦกn.",1
"ฤแบนp  ฤแบฟn  tแปซng  cm  ,cแบฃm ฦกn  xแบฝ  แปงng  hแป  lรขu dรi  nรชu co dip",2
"Nhแบญn hรng bแป bแบฉn, khรดng sแบกch sแบฝ.",0
Mua rแปi mร khรดng thแบฅy tรกc dแปฅng gรฌ.,0
"Khรดng giแปng nhฦฐ mรด tแบฃ, rแบฅt thแบฅt vแปng.",0
"Hรng bแป lแปi, khรดng thแป hoรn trแบฃ.",0
Thรกi ฤแป phแปฅc vแปฅ khรกch hรng khรดng tแปt chรบt nรo.,0
"Hรng nhแบญn ฤฦฐแปฃc khรดng ฤแบฟn nแปi tแป, nhฦฐng cลฉng khรดng xuแบฅt sแบฏc.",1
"ฤฦฐแปฃc, y hรฌnh  giao hรng rรขt nhanh ,mฤc rแบฅt  mรกt",2
"giao hรng nhanh ฤแบงy ฤแปง phแปฅ kiแปn giแปฏ ฤรก khoแบฃng 6 tiแบฟng hoแบทc hฦกn , ly kรญn ฤแป nghiรชng k bแป ฤแป nhฦฐng xรi ฤฦฐแปฃc 2 ngรy thรฌ ly bแป tฦฐฦกm nฦฐแปc",0
"Gแปญi hรng chแบญm, khรดng nhฦฐ ฤรฃ hแปฉa.",0
"Nhรฌn thรฌ ฤแบนp nhฦฐng mแบทc hฦกi chแบญt, bรฌnh thฦฐแปng vแบซn mแบทc size 36 nhฦฐng loแบกi nรy 36 hฦกi nhแป",0
"Hรng nhแบญn ฤฦฐแปฃc khรดng giรดng nhฦฐ trong hรฌnh, rแบฅt chรกn.",0
Mua rแปi mร khรดng thแบฅy hiแปu quแบฃ gรฌ.,0
"Nhแบญn hรng bแป bแบฉn, khรดng sแบกch sแบฝ.",0
"Thรกi ฤแป phแปฅc vแปฅ khรกch hรng bรฌnh thฦฐแปng, khรดng quรก tแปt cลฉng khรดng quรก tแป.",1
"Chแบฅt liแปu khรดng tแปt, cแบฃm giรกc rแบฅt rแบป tiแปn.",0
"Chแบฅt liแปu sแบฃn phแบฉm tแบกm แปn, khรดng cรณ gรฌ ฤแบทc biแปt.",1
"Gแปญi hรng chแบญm, rแบฅt khรณ chแปu.",0
"ฤแบทt Samsung Galaxy M10,giao hรng ngoรi hแปp M10, trong hแปp A10, yรชu cแบงu ฤแปi trแบฃ ko giแบฃi quyแบฟt, lแปซa gแบกt khรกch hรng",0
"Giao hรng khรดng ฤรบng hแบกn, rแบฅt khรณ chแปu.",0
Mรu giแปng hรฌnh ghรช ta,2
"Gแปญi hรng khรดng ฤรบng ฤแปa chแป, rแบฅt bแปฑc mรฌnh.",0
"Hรng khรดng giแปng nhฦฐ hรฌnh, khรดng ฤรกng giรก.",0
hรng tแปt lแบฏm,2
"Khong thแป hoรn trแบฃ sแบฃn phแบฉm, thแบญt bแบฅt tiแปn.",0
Khรดng hรi lรฒng vแปi thแปi gian giao hรng.,0
"Sแบฃn phแบฉm cลฉng bรฌnh thฦฐแปng, khรดng cรณ gรฌ ฤรกng ฤแป ca ngแปฃi.",1
"Sแบฃn phแบฉm khรดng bแปn, sแปญ dแปฅng mแปt lแบงn ฤรฃ hแปng.",0
"Giao hรng khรดng ฤรบng hแบกn, rแบฅt khรณ chแปu.",0
"Hรng hรณa khรก แปn, nhฦฐng chแบฅt lฦฐแปฃng khรดng cao lแบฏm.",1
"Thแปi gian giao hรng cลฉng bรฌnh thฦฐแปng, khรดng cรณ gรฌ ฤแบทc biแปt.",1
"Khรดng giแปng mแบซu trรชn mแบกng, rแบฅt thแบฅt vแปng.",0
"Giao hรng hฦกi lรขu, nhฦฐng hรng ฤแบฟn nฦกi vแบซn แปn.",1
"Hรng giao bแป hแปng, khรดng thแป hoรn trแบฃ.",0
hรng rแบฅt tแปt rแบฅt hรi lรฒng,2
ฤแบนp ฤรบng  giแปng nhฦฐ hรฌnh.,2
"Chแบฅt lฦฐแปฃng sแบฃn phแบฉm rแบฅt kรฉm, khรดng hรi lรฒng.",0
"Khรดng cรณ hแป trแปฃ khi gแบทp vแบฅn ฤแป, thแบญt sแปฑ rแบฅt tแป.",0
"Thรกi ฤแป phแปฅc vแปฅ khรกch hรng chแบฅp nhแบญn ฤฦฐแปฃc, khรดng cรณ gรฌ ฤแบทc biแปt.",1
"Shop phแปฅc vแปฅ tแปt, giao hรng ฤรบng mแบซu ฤรฃ chแปn. Hรng tแปt",2
"Khรดng cรณ gรฌ nแปi bแบญt, rแบฅt nhรm chรกn.",0
ko cho trแบฃ hรng,0
can lazada xem lแบกi  ko dong  hang rแบฅt tแป,0
"Hรng nhแบญn ฤฦฐแปฃc khรดng tแปt cลฉng khรดng tแป, chแป bรฌnh thฦฐแปng.",1
"Sแบฃn phแบฉm khรดng thแป sแปญ dแปฅng ฤฦฐแปฃc, thแบญt tแป.",0
"Chแบฅt lฦฐแปฃng sแบฃn phแบฉm rแบฅt kรฉm, khรดng hรi lรฒng.",0
ฤแบทt 3 lแบงn 1 mรu vแป 3 mรu shop quรก tแป,0
"Chแบฅt lฦฐแปฃng sแบฃn phแบฉm trung bรฌnh, khรดng cรณ gรฌ nแปi bแบญt.",1
Bแบญy quรก khรดng hแปฏu dแปฅng.,0
"Thแปi gian giao hรng cลฉng bรฌnh thฦฐแปng, khรดng cรณ gรฌ ฤแบทc biแปt.",1
"Kรญch thฦฐแปc khรดng chรญnh xรกc, quรก nhแป.",0
Mรu sแบฏc khรดng ฤรบng vแปi hรฌnh แบฃnh.,0
"Sแบฃn phแบฉm khรดng thแป sฦฐ dแปฅng ฤฦฐแปฃc, thแบญt tแป.",0
Khรดng hรi lรฒng vแปi dแปch vแปฅ khรกch hรng.,0
"Khรดng ฤรกng giรก tiแปn, rแบฅt tแป.",0
"Sแบฃn phแบฉm rแบฅt dแป bแป hฦฐ hแปng, khรดng ฤรกng mua.",0
Tแป hฦกn so vแปi sแบฃn phแบฉm khรกc tรดi ฤรฃ mua.,0
"Gแปญi hรng bแป hแปng, khรดng cรณ hแป trแปฃ.",0
"Khรดng thoแบฃi mรกi khi sแปญ dแปฅng, rแบฅt khรณ chแปu.",0
"Nhแบญn hรng khรดng ฤรบng mแบซu, rแบฅt chรกn.",0
"Chแบฅt lฦฐแปฃng kรฉm, khรดng thแป chแบฅp nhแบญn.",0
giong hinh.nhung shop giao cho minh ao hon nho.,2
"Hรng hรณa tแบกm แปn, khรดng cรณ gรฌ ฤแป khen.",1
"hรng tแปt, mรฌnh sแบฝ mua thรชm",2
"Chแบฅt lฦฐแปฃng sแบฃn phแบฉm แปn, nhฦฐng khรดng cรณ gรฌ ฤแบทc sแบฏc.",1
"SP tรดt, giao hรng nhanh, giรก hแปฃp tรบi tiแปn, Shop dแป thฦฐฦกng",2
"Hรng hรณa khรก แปn, nhฦฐng khรดng cรณ gรฌ แบฅn tฦฐแปฃng.",1
balo bแป ฤแปฉt dรขy nha,0
"Chแบฅt lฦฐแปฃng sแบฃn phแบฉm trung bรฌnh, khรดng cรณ gรฌ nแปi bแบญt.",1
"Hรng hรณa khรก แปn, nhฦฐng khรดng cรณ gรฌ แบฅn tฦฐแปฃng.",1
"Khรดng hรi lรฒng vแปi dแปch vแปฅ khรกch hรng, rแบฅt tแป.",0
"Hรng nhแบญn ฤฦฐแปฃc nhฦฐ mong ฤแปฃi, nhฦฐng khรดng xuแบฅt sแบฏc.",1
"Khe cแบฏm ฤiแปn thoแบกi tiแปn lแปฃi, Bรn hแปc gแบฅp gแปn ฤa nฤng, Cแปng sแบกc USB tiแปn lแปฃi, Thiแบฟt kแบฟ tiแบฟt kiแปm khรดng gian,",1
"Hรng bแป bแบฉn, khรดng sแบกch sแบฝ khi nhแบญn.",0
"2 bแป thรฌ 1 dc 1 mแปng,แปn so vแปi giรก",2
"Sแบฃn phแบฉm khรดng cรณ gรฌ ฤแบทc biแปt, chแป lร hรng bรฌnh thฦฐแปng.",1
"Hรng bแป thiแบฟu linh kiแปn, khรดng thแป sแปญ dแปฅng ฤฦฐแปฃc.",0
"Sแบฃn phแบฉm bแป lแปi ngay tแปซ ฤแบงu, thแบญt ฤรกng tiแบฟc.",0
"Chแบฅt lฦฐแปฃng sแบฃn phแบฉm tแบกm แปn, khรดng cรณ gรฌ ฤแบทc sแบฏc.",1
Dแป bแป hแปng khi sแปญ dแปฅng lแบงn ฤแบงu.,0
"Thรกi ฤแป phแปฅc vแปฅ khรกch hรng bรฌnh thฦฐแปng, khรดng quรก tแปt cลฉng khรดng quรก tแป.",1
"Khรดng cรณ hแป trแปฃ khi gแบทp vแบฅn ฤแป, thแบญt thแบฅt vแปng.",0
"Chแบฅt lฦฐแปฃng sแบฃn phแบฉm chแบฅp nhแบญn ฤฦฐแปฃc, nhฦฐng cแบงn cแบฃi thiแปn.",1
ฤแปฃi hรng rแบฅt lรขu mร vแบซn khรดng thแบฅy.,0
"Hรng giao ฤรบng mแบซu, nhฦฐng chแบฅt lฦฐแปฃng khรดng ฤแบกt yรชu cแบงu.",1
"Hรng khรดng cรณ gรฌ ฤแบทc biแปt, rแบฅt chรกn.",0
"Chแบฅt lฦฐแปฃng sแบฃn phแบฉm chแบฅp nhแบญn ฤฦฐแปฃc, nhฦฐng cแบงn cแบฃi thiแปn.",1
"Sแบฃn phแบฉm khรดng cรณ gรฌ ฤแบทc biแปt, rแบฅt chรกn.",0
"Hรng bแป bแบฉn khi nhแบญn, khรดng sแบกch sแบฝ.",0
"Rแบฅt thแบฅt vแปng vแปi chแบฅt lฦฐแปฃng sแบฃn phแบฉm, khรดng giแปng nhฦฐ quแบฃng cรกo.",0
"Hรng bแป lแปi, khรดng hoแบกt ฤแปng ฤฦฐแปฃc.",0
"Sแบฃn phแบฉm bรฌnh thฦฐแปng, khรดng ฤรกng ฤแป phรn nรn.",1
ฤแบนp chat luong cung แปn nรชn mua,2
Tรดi mua sแบฃn phแบฉm samsung Galaxy M10. Mรกy bแป lแปi mรn hรฌnh vร mรกy bแป ฤแปฉng khรดng khแปi ฤแปng ฤฦฐแปฃc. Tรดi gแปญi trแบฃ lแบกi bรชn lazada vร bรชn lazada khรดng chแบฅpnhแบญn ฤแปi trแบฃ hรng vรฌ lรญ do khรดng cรณ hแปp mรกy. Tรดi vแปซa nhแบญn hรng vร chแปฅp lแบกi tแบฅt cแบฃ phแปฅ kiแปn cแปงa mรกy kรจm theo vร hแปp mรกy. Vแบญy tรดi hแปi lรญ do tแบกi saomรกy tรดi bแป lแปi mร khรดng ฤฦฐแปฃc trแบฃ lแบกi hรng.,0
"Khรดng nhฦฐ kแปณ vแปng, rแบฅt thแบฅt vแปng.",0
mแบทc rแบฅt thoแบฃi mรกi,2
"Sแบฃn phแบฉm khรดng nhฦฐ quแบฃng cรกo, rแบฅt thแบฅt vแปng.",0
"Giao hรng nhanh, sแบฃn phแบฉm ok",2
"Rแบฅt khรณ ฤแป lแบฏp rรกp, khรดng hฦฐแปng dแบซn rรต rรng.",0
giao hรng lแปงng lแป trรชn quแบงn.,0
"Khรดng cรณ hฦฐแปng dแบซn sแปญ dแปฅng rรต rรng, rแบฅt khรณ khฤn.",0
"San phแบฉm khรดng cรณ gรฌ nแปi bแบญt, rแบฅt chรกn.",0
"Hรng hรณa khรก แปn, nhฦฐng khรดng cรณ gรฌ แบฅn tฦฐแปฃng.",1
"Hi shop , sao lแบกi giao thiแบฟu phแปฅ kiแปn vแบญy,  vแบฅn ฤแป nรy mรฌnh liรชn lแบกc cs hay shop ฤรขy,  vui long fb sแปm giรบp mรฌnh.",0
Mua rแปi mร khรดng thแบฅy hiแปu quแบฃ gรฌ.,0
"Gแปญi hรng bแป vแปก, khรดng thแป sแปญ dแปฅng.",0
"Nhแบญn hรng khรดng ฤรบng chแบฅt lฦฐแปฃng, rแบฅt buแปn.",0
sแบฃn phแบฉm rแบฅt tแปt vร rแบฅt ฤแบนp nhฦฐng hฦกi rแปng,2
"Gแปญi hรng khรดng ฤรบng ฤแปa chแป, rแบฅt khรณ chแปu.",0
"Sแบฃn phแบฉm tแปt. Nhแปฑa cแปฉng, lรฒ xo chแบฏc chแบฏn. Bแป cรกi tay cแบงm khi lแบฏp mรกy hฦกi vรชnh, nรบt ฤiแปu khiแปn khรดng giแปng hรฌnh, cฦก mร nรบt ฤiแปu khiแปn rแบฅt tแปt:giรกc hรบt chแบทt, sแปญ dแปฅng nhแบกy.",2
"Kรญch thฦฐแปc khรดng ฤรบng, quรก nhแป.",0
lรm ฤn gian dแปi lแปซa ฤแบฃo mรนa 6 gแปญi cรณ 5 mรฌnh mua mแปi mรu khรกc nhau mร gแปญi 4 mรu tรญm mแปt mรu xanh. ko nรชn mua hรng แป shop nแบงy nแปฏa nha mแปi ngฦฐแปi.,2
"Khรดng giแปng mรด tแบฃ, thแบญt sแปฑ tแป.",0
"Hรng giao bแป hแปng, khรดng thแป sฦฐ dแปฅng.",0
Hรng nhฦฐ cแปฉt,0
"Chแบฅt liแปu quรก kรฉm, khรดng thแป chแบฅp nhแบญn.",0
"Mแบทc dรน cรกi tรบi mรu vร hรฌnh แบฃnh khรดng liรชn quan lแบฏm vแปi cรกi ly nhฦฐng vแบซn ฤรกnh giรก 5 sao nhรฉ. Tรบi dรy, ly ฤแบนp, giแปฏ nhiแปt tแปt. แปng hรบt inox chแบฏcchแบฏn. ฤแบงy ฤแปง phแปฅ kiแปn nรชn khรก lร tiแบฟt kiแปm. sแบฝ แปงng hแป shop lแบงn sau แบก",2
"vรฒng tay phong thuแปท ko ฤรกng giรก chรบt nรo,hรng giao dรขy ฤรฃ ฤแปฉt thรฌ ฤeo lรm sao.",0
"18/4 Lazada giao nhฦฐng 19/4 tรดi mแปi khui hแปp mแป mรกy. Khแปi ฤแปng lรชn cรi ฤแบทt nhฦฐng ฤแบฟn bฦฐแปc โฤang kiแปm tra cแบญp nhแบญtโ thรฌ cแบญp nhแบญt mรฃi khรดng vรo.Tรดi ฤรฃ vรo bแบฑng wifi khรกc, gแบฏn sim, nhฦฐng vแบซn khรดng cรi ฤแบทt ฤฦฐแปฃc.
Yรชu cแบงu ฤแปi mรกy mแปi khรกc nhe Lazada.Thanks.",0
"Hรng nhแบญn ฤฦฐแปฃc khรดng tแปt cลฉng khรดng tแป, chแป bรฌnh thฦฐแปng.",1
xแบฅu quรก Shop ฦกi .Mรฌnh khรดng mแบฅy hรi lรฒng Cho lแบฏm,0
"San pham tot. Hinh anh, am thanh chat luong.sem phim hinh anh chat luong cao nhu di xem rap. Dag mua.",2
Ngแปญi mรนi khรณ chแปu khi mแป gรณi hรng.,0
Khรดng thoแบฃi mรกi khi sแปญ dแปฅng.,0
"Hรng giao khรดng ฤรบng, rแบฅt thแบฅt vแปng.",0
Sao NC mแปt cแบทp mร giao co mแปt cai ak,0
"Khรดng ฤรกng giรก, rแบฅt thแบฅt vแปng.",0
"Hรng giao chแบญm, rแบฅt khรณ chแปu.",0
"Hรng giao khรดng ฤรบng mรu, khรดng hรi lรฒng.",0
"Hรng khรดng cรณ giแบฅy tแป, khรดng thแป tin cแบญy.",0
"Sแบฃn phแบฉm trung bรฌnh, khรดng cรณ gรฌ nแปi bแบญt.",1
"Giao hรng chแบญm, rแบฅt bแปฑc mรฌnh.",0
Khรดng hoแบกt ฤแปng nhฦฐ quแบฃng cรกo.,0
Khรดng hรi lรฒng vแปi dแปch vแปฅ giao hรng.,0
"Giao hรng ฤรบng hแบนn, nhฦฐng sแบฃn phแบฉm khรดng nhฦฐ mong ฤแปฃi.",1
"Hรng khรดng ฤรกng giรก, thแบญt sแปฑ thแบฅt vแปng.",0
bแปฏa truoc minh co mua ฤt mi4 giแป nรณ hฦฐ cam แปฉng rแปi ma mรฌnh dรนng chฦฐa ฤฦฐแปฃc 1 thang ma sao ko bao hanh.. ma shop noi ฤแปi hang trong 1thang ma ..giobao hanh cung ko luon,0
"Hรng hรณa khรก แปn, nhฦฐng khรดng cรณ gรฌ แบฅn tฦฐแปฃng.",1
"Chแบฅt liแปu quรก kรฉm, khรดng bแปn.",0
"Gแปญi hรng bแป hแปng, khรดng thแป sแปญ dแปฅng ฤฦฐแปฃc.",0
"Sแบฃn phแบฉm nรy cลฉng bรฌnh thฦฐแปng, khรดng cรณ gรฌ nแปi bแบญt.",1
"Dแป bแป trแบงy xฦฐแปc, khรดng bแปn.",0
"Sแบฃn phแบฉm khรดng tแปt cลฉng khรดng tแป, chแป lร hรng bรฌnh thฦฐแปng.",1
"Dแปch vแปฅ giao hรng bรฌnh thฦฐแปng, khรดng cรณ gรฌ ฤแบทc biแปt.",1
"Thรกi ฤแป phแปฅc vแปฅ khรกch hรng rแบฅt kรฉm, khรดng hแป trแปฃ gรฌ.",0
ฤแบนp mร hฦกi rแปng,2
"Khรดng cรณ giแบฅy tแป, khรดng ฤรกng tin cแบญy.",0
"Nhแบญn hรng bแป thiแบฟu linh kiแปn, rแบฅt bแปฑc mรฌnh.",0
"รกo rแบฅt ฤแบนp ฤรบng mรu mk ฤแบทt,mแบทt rแบฅt vแปซa ,shipper nhiแปt tรฌnh ฤแบนp trai nรณi chuyแปn dแป thฦฐฦกng nแปฏa,cแบฃm ฦกn shop mk sแบฝ giแปi thiแปu cho a e bแบญn bแป แปงng hแปshop",2
"Chแบฅt lฦฐแปฃng sแบฃn phแบฉm rแบฅt kรฉm, khรดng hรi lรฒng.",0
"Hรng quรก ฤแบนp giรก lแบกi rแบป, thiแบฟt kแบฟ thรดng minh cรณ nhiแปu chแป hแปฉng giรณ bรชn ngoรi lรm ngฦฐแปi mแบทc thแบฅy mรกt hฦกn, chแบฅt vแบฃi kaki ฤแบนp. Duy chแป cรณ phแบงn xแปngรณn hฦกi dแป hแปฃm cแบงn chแปnh sแปญa lแบกi chแปฉ vแบงy sao xแป ngรณn dc, chแป xแป ngรณn cรกi quรก dฦฐ, 4 ngรณn cรฒn lแบกi quรก thiแบฟu, k xแป dc thรฌ khi chแบกy xe giรณ thแปi lแบญtngฦฐแปฃc lรชn chแปฉ k che nแบฏng dc. ฤรกnh giรก sp hoรn thiแปn 99%",2
dep lam vua qua toi kg dung sai muon dat cai khac xxxl giao cho toi,2
Rแบฅt thแบฅt vแปng vแปi chแบฅt lฦฐแปฃng dแปch vแปฅ.,0
"Kรญch thฦฐแปc khรดng ฤรบng, quรก nhแป so vแปi mong ฤแปฃi.",0
"Hรng khรดng cรณ gรฌ nแปi bแบญt, rแบฅt nhรm chรกn.",0
"Thรกi ฤแป phแปฅc vแปฅ khรกch hรng bรฌnh thฦฐแปng, khรดng quรก tแปt cลฉng khรดng quรก tแป.",1
"Sแบฃn phแบฉm khรดng nhฦฐ mรด tแบฃ, thแบญt sแปฑ rแบฅt thแบฅt vแปng.",0
"Hรng bแป thiแบฟu linh kiแปn, khรดng thแป sฦฐ dแปฅng.",0
"Mua hรng mร khรดng nhแบญn ฤฦฐแปฃc, rแบฅt bแปฑc bแปi.",0
"sแบฃn phแบฉm gรขy thแบฅt vแปng quรก, gแบฏn vรo khรดng tฤng chรบt nรo mร cรฒn nhแป ฤi nแปฏa.",0
Sp hk ฤc tแปt ฤแปฉng mรกy e cแบงn tiki ฤแปi sp kh,0
Hแปงy con mแบน rรนi mร shops vแบซn gแปญi. ukm thรฌ nhแบญn nhรฌn chung hรng ฤแบนp vcl tuy nhiรชn ฤฦฐแปng may bแป ฤรนng vแบฃi lแบงn sau gแปญi hรng phai cho QC kiแปm nhรก shop,0
hรng dแปm y chang ฤแป chฦกi trแบป em,0
"Hรng nhแบญn ฤฦฐแปฃc khรดng tแปt cลฉng khรดng tแป, chแป bรฌnh thฦฐแปng.",1
Hรng phแบฟ phแบฉm,0
sao ko mo len duoc vay shop,0
"Hรng khรดng cรณ giay to, khรดng ฤรกng tin cแบญy.",0
Rแบฅt thแบฅt vแปng vแปi chแบฅt lฦฐแปฃng dแปch vแปฅ.,0
"Khรดng thแป hoรn trแบฃ, thแบญt thแบฅt vแปng.",0
"vแบฃi nhแบน,thoแบฃi mรกi, ฤรบng fom,chแป cรณ ฤiแปu hแปa tiแบฟt in cรณ vรi chแป bแป nhรจo,แปn so vแปi tแบงm giรก cho shop 4.5 star",2
"Khรดng cรณ hแป trแปฃ khi gแบทp vแบฅn ฤแป, rแบฅt tแป.",0
Hรng lแปซa ฤแบฃo rแปi,0
Rแบฅt hรi lรฒng,2
"Sแบฃn phแบฉm bแป lแปi, khรดng hoแบกt ฤแปng.",0
Kแปณ vแปng quรก nhiแปu nhฦฐng kแบฟt quแบฃ khรดng nhฦฐ mong ฤแปฃi.,0
Rแบฅt bแปฑc bแปi vรฌ khรดng thแป hoรn trแบฃ sแบฃn phแบฉm.,0
Mua vแป mร khรดng dรนng ฤฦฐแปฃc.,0
"Mua rแปi mร khรดng thแบฅy tรกc dแปฅng gรฌ, thแบญt sแปฑ khรดng hรi lรฒng.",0
"Hรng ฤแบนp xรi ngon so vแปi giรก tiแปn, nรชn mua cho em chรกu trong nhร xรi hay lรm quร tแบทng cลฉng ok. ฤแปi vs mรฌnh mua ฤแป check mail Zalo FB thรฌ con nรychแบกy tฦฐฦกng ฤแปi แปn. Cรฒn chฦกi game hay gรฌ thรฌ mรฌnh ko phแบฃi game thแปง nรชn ko quan tรขm lแบฏm, mรฌnh thแบฅy cแบฅu hรฌnh vแบญy xรi cho cรดng viแปc lร okie.",2
"Khรดng hรi lรฒng vแปi chแบฅt lฦฐแปฃng sแบฃn phแบฉm, thแบญt sแปฑ kรฉm.",0
Sแบฃn phแบฉm khรดng cรณ gรฌ ฤแบทc biแปt.,0
"Hรng tแปi, giao nhanh",2
Hรng bแป mรฉo mรณ khi nhแบญn.,0
"Giao hรng nhanh.Nhฦฐng sแบฃn phแบฉm rแบฅt tแป,vแปซa ฤeo vรo ฤรฃ sแปฉt dรขy ra.Khuyรชn mแปi ng k nรชn mua cรกc loแบกi vรฒng dรขy kiแปu nรy.Mแบทt vรฒng cลฉng k cรณ phรกt sรกng",0
"Sแบฃn phแบฉm khรดng tแปt cลฉng khรดng tแป, chแป lร hรng bรฌnh thฦฐแปng.",1
"Mรu sแบฏc khรดng ฤรบng, thแบญt sแปฑ khรดng ฤแบนp.",0
"Sแบฃn phแบฉm bรฌnh thฦฐแปng, khรดng ฤรกng ฤแป phรn nรn.",1
"Sแบฃn phแบฉm khรดng nhฦฐ mong ฤแปฃi, thแบญt sแปฑ tแป.",0
"Sแบฃn phแบฉm khรดng bแปn, sแปญ dแปฅng mแปt lแบงn ฤรฃ hแปng.",0
"Nhแบญn hรng khรดng ฤรบng mรu, khรดng hรi lรฒng.",0
"Rแบฅt khรณ ฤแป lแบฏp rรกp, khรดng cรณ hฦฐแปng dแบซn rรต rรng.",0
"Hรng giao khรดng ฤรบng ฤแปa chแป, thแบญt sแปฑ rแบฅt thแบฅt vแปng.",0
"Mua hรng mร nhแบญn khรดng ฤรบng sแบฃn phแบซm, rแบฅt bแปฑc bแปi.",0
mแปi mua vแป ฤรฃ bแป nแปฉc,0
rแบฅt tแปt nha ae mua แปงng hแป nhฦฐng mua รกo nรy ae cรณ รกo thun rแปi thรฌ thรดi chฦฐa cรณ thรฌ mua thรชm รกo thun trแบฏng hoแบทc ฤen mแบทc trong nhรก,2
Hฦกi bแบฅt tiแปn khi sแปญ dแปฅng.,0
"Mua hรng mร khรดng nhแบญn ฤฦฐแปฃc, thแบญt thแบฅt vแปng.",0
Hรng chแบฅt lฦฐแปฃng. Giao hรng nhanh.cho 5 sa0,2
Thรกi ฤแป phแปฅc vแปฅ khรกch hรng rแบฅt kรฉm.,0
"Rแบฅt khรณ khฤn ฤแป sแปญ dแปฅng sแบฃn phแบฉm nรy, khรดng hiแปu quแบฃ.",0
Khรดng hรi lรฒng vแปi chแบฅt lฦฐแปฃng sแบฃn phแบฉm.,0
"Hรng giao ฤรบng mแบซu, nhฦฐng khรดng cรณ gรฌ ฤแบทc biแปt.",1
"San pham khong co giay to, khong ฤรกng tin cแบญy.",0
mรฌnh mแปi mua xong sp tแปt vฦฐแปฃt mong ฤแปฃi cรกc bแบกn nรชn mua . loa nghe to rรต . thแปi gian pin dรนng bao lรขu thรฌ chฦฐa biแบฟt . แปงng hแป shop uy tรญn cho shopfull sao,2
รกo ฤแบนp vร tแปt,2
"Chแบฅt lฦฐแปฃng khรดng tแปt, rแบฅt thแบฅt vแปng.",0
"San pham binh thuong, khong co gi dac biet.",1
"Hรng giao ฤรบng mแบซu, nhฦฐng chแบฅt lฦฐแปฃng khรดng ฤแบกt yรชu cแบงu.",1
ฤiแปm 10 -Cho chแบฅt Lฦฐแปฃng -Thแปi Gian Giang Hรng Nhanh -Cรกch Phแปฅc vแปฅ tแปt,2
giao hรng nhanh chแบฅt liแปu khรดng tแปt lแบฏm nhฦฐng hรng ฤแบนp pk 5 sao,2
Thรกi ฤแป phแปฅc vแปฅ khรกch hรng khรดng tแปt.,0
rแบฅt hรi lรฒng chแป ฤiแปu lร hรฌnh mรu trแบฏng nhฦฐng giao mรu xanh thรดi... nhฦฐng k sao,2
"Mรu sแบฏc khรดng ฤรบng, khรดng ฤแบนp nhฦฐ trong hรฌnh.",0
"Hรng khรดng cรณ nhรฃn mรกc, nรณi lร cแปงa nhแบญt mร mรฌnh chแบณng thแบฅy gรฌ ฤแป xรกc ฤแปnh nguแปn gแปc. Cแบฏm vรo lรm รขm thanh nhแป ฤi chแบณng thแบฅy gรฌ",0
vแปi giรก nรกy thรฌ ok.nhฦฐng lแปp lรณt bรชn trong  lร vแบฃi dรน nรชn rแบฅt nรณng.Tรบi cแบกn khรดng cรณ khรณa kรฉo.tรบi trong cลฉng cแบกn khรดng ฤแป ฤiรชn thoแบกi ฤฦฐแปฃc.,0
"Hรng hรณa khรก แปn, nhฦฐng khรดng cรณ gรฌ แบฅn tฦฐแปฃng.",1
"Sแบฃn phแบฉm khรก vแปซa รฝ, nhฦฐng cลฉng khรดng cรณ gรฌ nแปi bแบญt.",1
Khรดng nhฦฐ mong ฤแปฃi.,0
"Rแบฅt khรณ ฤแป lแบฏp rรกp, khรดng cรณ hฦฐแปng dแบซn rรต rรng.",0
"Giao hรng khรดng ฤรบng hแบนn, rแบฅt bแปฑc bแปi.",0
"Hรng hรณa tแบกm ฤฦฐแปฃc, nhฦฐng cรณ thแป cแบฃi thiแปn hฦกn.",1
"Rแบฅt dแป hแปng, khรดng bแปn chรบt nรo.",0
"nรณi chung lร ok men, anh em nรo cao khoแบฃng 1m65-1m70 mua size L lร vแปซa, รกo chแปng nแบฏng nรชn khรดng sแปฃ chแบญt ฤรขu, kแป cแบฃ bแปฅng to",2
Thรกi ฤแป phแปฅc vแปฅ khรกch hรng khรดng tแปt.,0
Sแบฃn phแบฉm khรดng giแปng nhฦฐ mรด tแบฃ.,0
Khรดng ฤรกng ฤแปng tiแปn bรกt gแบกo.,0
"Khรณ sแปญ dแปฅng, khรดng hแปฃp lรฝ.",0
Rแบฅt khรณ khฤn ฤแป sแปญ dแปฅng sแบฃn phแบฉm nรy.,0
"shop nhiแปt tรฌnh ghรช luรดn nhแบฏn tin hแปi mรฌnh chแปn mรu nรo rแปi cรฒn gแปi lแบกi hแปi 1 lรขn nแปญa, giao hรng ฤรณng gรณi bao kแปน, hรng ฤแบนp, ฤแบงy ฤแปง 2 แปng hรบt 1 cแปvแป sinh,tรบi nแบฏp. Nรณi chung vรด cรนng hรi lรฒng",2
"San phแบฉm khรดng hiแปu quแบฃ nhฦฐ mong ฤแปฃi, rแบฅt thแบฅt vแปng.",0
"Sแบฃn phแบฉm bรฌnh thฦฐแปng, khรดng ฤรกng ฤแป phรn nรn.",1
Hรng nhรกi khรดng tแปt 1 sao,0
"Dแปch vแปฅ khรกch hรng bรฌnh thฦฐแปng, khรดng cรณ gรฌ ฤแบทc sแบฏc.",1
kรญnh sรi khรก tแปt,2
"Hรng kem chแบฅt lฦฐแปฃng, khรดng ฤรกng ฤแป mua.",0
ฤแบทt full ฤแป nhฦฐng ra mแบฅy cรกi mรu tรi lao,0
"Thรกi ฤแป phแปฅc vแปฅ khรดng tแปt, rแบฅt khรณ chแปu.",0
Mua 25/2 mแป ra thแบฅy bแป lแปi sฦกn viแปn ,0
hรng ฤแบนp giรก ok... mแปi ngฦฐแปi nรชn mua,2
trong hรฌnh mรu trแบฏng ฤen giao trแบฏng xanh dฦฐฦกng lร sao,0
"Hรng nhแบญn ฤฦฐแปฃc khรดng ฤแบฟn nแปi tแป, nhฦฐng cลฉng khรดng xuแบฅt sแบฏc.",1
"Hรng giao khรก ฤรบng hแบนn, nhฦฐng khรดng cรณ gรฌ nแปi bแบญt.",1
"Hรng giao khรก ฤรบng hแบนn, nhฦฐng khรดng cรณ gรฌ nแปi bแบญt.",1
Hฦกi รดm. chแบฅt liแปu vแบฃi ok. nแบฟu mua trแปซ hao vรi sแป cรขn nแบทng,2
"ฤรฃ nhแบญn ฤฦฐแปฃc hรng, mรกy ฤแบนp, giao hรng nhanh. Cแบฃm ฦกn tiki",2
"Chแบฅt lฦฐแปฃng sแบฃn phแบฉm chแบฅp nhแบญn ฤฦฐแปฃc, nhฦฐng cแบงn cแบฃi thiแปn.",1
ฤแบนp,2
"Giao hรng ฤรบng hแบนn, nhฦฐng sแบฃn phแบฉm khรดng nhฦฐ mong ฤแปฃi.",1
"Nhแบญn hรng khรดng ฤรบng mแบซu, rแบฅt chรกn.",0
Trรชn cแบฃ tuyแปt vแปi shop ฦกi. Sang tuแบงn sแบฝ mua thรชm cรกi nแปฏa.,2
"Dแปch vแปฅ khรกch hรng khรก tแปt, nhฦฐng sแบฃn phแบฉm thรฌ chแป แปn.",1
"Khรดng cรณ hiแปu quแบฃ gรฌ, rแบฅt chรกn.",0
"Khรดng nhฦฐ mong ฤแปฃi, chแบฅt lฦฐแปฃng kรฉm.",0
"Chแบฅt liแปu khรดng tแปt, rแบฅt kรฉm chแบฅt lฦฐแปฃng.",0
ฤแบทt 3 lแบงn 1 mรu vแป 3 mรu quรก tแป,0
"Hรng nhแบญn ฤฦฐแปฃc nhฦฐ mong ฤแปฃi, nhฦฐng khรดng xuแบฅt sแบฏc.",1
Giรก cแบฃ khรดng hแปฃp lรฝ vแปi chแบฅt lฦฐแปฃng sแบฃn phแบฉm.,0
"Rแบฅt khรณ ฤแป sแปญ dแปฅng, khรดng hiแปu quแบฃ.",0
"Khรดng ฤรกng ฤแปng tiแปn bรกt gแบกo, thแบญt sแปฑ thแบฅt vแปng.",0
"hรng ฤแบนp nhฦฐng chรกt ko ฤฦฐแปฃc,  chแป nghe chแปฉ nรณi bรชn kia ko nghe ฤฦฐแปฃc!",0
"Sแบฃn phแบฉm bรฌnh thฦฐแปng, khรดng ฤรกng ฤแป phรn nรn.",1
"Quแบงn siรชu ฤแบนp, giao hรng nhanh.",2
"nhแบญn ฤฦฐแปฃc hรng ok,nhฦฐng k hรi lรฒng cho mแบฅy vรฌ ฤแป kรจm theo 2 cรกp sแบกt mร k cรณ cรกi nรo hแบฟt,nhฦฐng nแบฟu vแป text thแปญ nแบฟu ok sแบฝ แปงng hแป cรกi nแปฏa,shop nhแปxem kแปน trฦฐแปc khi gแปญi hรng nhรฉ",0
"ฤแบนp  nhฦฐ hรฌnh, xรi tแปt",2
"Hรng giao khรก ฤรบng hแบนn, nhฦฐng khรดng cรณ gรฌ nแปi bแบญt.",1
"Giao hรng ฤรบng hแบนn, nhฦฐng sแบฃn phแบฉm khรดng nhฦฐ mong ฤแปฃi.",1
"Sแบฃn phแบฉm rแบฅt khรณ ฤแป sแปญ dแปฅng, khรดng hiแปu quแบฃ.",0
Khรดng ฤรกng ฤแปng tiแปn bรกt gแบกo.,0
"Sแบฃn phแบฉm nรy rแบป ,thiแบฟt kแบฟ ฤแบนp,tiแปn dแปฅng,gแปn gรng ,phรน hแปฃp cho sinh viรชn",1
"Sแบฃn phแบฉm rแบฅt dแป bแป hฦฐ hแปng, khรดng bแปn.",0
"Giao hรng khรดng ฤรบng hแบนn, rแบฅt khรณ chแปu.",0
Khรดng hรi lรฒng vแปi chแบฅt lฦฐแปฃng.,0
Rแบฅt thแบฅt vแปng vแปi sแบฃn phแบฉm nรy.,0
"Sแบฃn phแบฉm rแบฅt khรณ ฤแป sฦฐ dแปฅng, khรดng hiแปu quแบฃ.",0
ฤT dรนng tแปt chฦฐa cรณ vแบฅn_ฤแป gรฌ giao hรng nhanh,2
"Thรกi ฤแป phแปฅc vแปฅ khรดng tแปt, rแบฅt khรณ chแปu.",0
"Chat lieu san pham khรดng ฤแบกt yรชu cแบงu, rแบฅt thแบฅt vแปng.",0
"Lรบc mua cรกi mรu ฤen nรณ nรณng quรก vs mau hแบฟt pin nรชn ฤแปi trแบฃ lแบกi, shop ฤแป nghแป ฤแปi lแบกi ฤiแปn thoแบกi khรกc nรชn gแปญi lแบกi shop hรดm nay nhแบญn ฤฦฐแปฃc ฤiแปnthoแบกi tuy hฦกi cลฉ nhฦฐng cรกi nรy แปn hฦกn cรกi trฦฐแปc nhรฌu, shop lรm ฤn rแบฅt uy tรญn nรณi shop ฤแปi ฤen mร shop lแบฅy trแบฏng nhฦฐng hong sao hแปฃp vแปi แปp lฦฐngฤiแปn thoแบกi lร ฤx rแปi!",0
khรดng cรณ gรฌ ฤแป chรช vแป sแบฃn_phแบฉm cแบฃ giรก tแปt hฦกn,2
Quรก nhiแปu vแบฅn ฤแป vแปi sแบฃn phแบฉm nรy.,0
ฤแบนp giao hรng cรณ Chแบฅt lฦฐแปฃng,2
"Rแบฅt khรณ khฤn ฤแป sฦฐ dแปฅng sแบฃn phแบฉm nรy, khรดng hiแปu quแบฃ.",0
"Giao hรng khรดng ฤรบng hแบกn, rแบฅt khรณ chแปu.",0
ฤแบนp quรก nha ><,2
"Chแบฅt lฦฐแปฃng sแบฃn phแบฉm tแบกm แปn, khรดng cรณ gรฌ ฤแบทc sแบฏc.",1
"Hฦฐแปng dแบซn sแปญ dแปฅng khรดng rรต rรng, khรณ hiแปu.",0
Mแปi thแปฉ quay mแปng mแปng mร khรดng lรm ฤฦฐแปฃc gรฌ. G phแบฃi ฤฤng nhแบญp lแบงn thแปฉ 5. Tแบกo tรi khoแบฃn Samsung khแปi ฤแปng lแบกi 3 lแบงn chฦฐa ฤฦฐแปฃc.,0
"Hรng giao khรดng ฤรบng hแบกn, rแบฅt khรณ chแปu.",0
Nhแบญn hรng nhฦฐ hรฌnh.Sแบฃn phแบฉm sแปญ dแปฅng tแบกm ฤฦฐแปฃc tรบi hรดng quรก nรณng . giao hรng nhanh.,2
"Hรng hรณa tแบกm แปn, khรดng cรณ gรฌ nแปi bแบญt.",1
"Sแบฃn phแบฉm khรดng bแปn, dแป hแปng.",0
Rแบฅt bแปฑc bแปi vรฌ khรดng thแป hoรn trแบฃ sแบฃn phแบฉm.,0
Mรu sแบฏc khรดng ฤแบนp nhฦฐ hรฌnh.,0
"Thแปi gian giao hรng quรก lรขu, thรขt khรดng hรi lรฒng.",0
"sแบฃn phแบฉm ฤรบng nhฦฐ hรฌnh, rแบฅt ok, chแบฅt liแปu tแปt, rแบฅt รดm ngแปฑc, mรฌnh rแบฅt hรi lรฒng. lแบงn sau sแบฝ แปงng hแป shop.",2
"Rแบฅt dแป bแป hฦฐ hแปng, khรดng bแปn.",0
"Hรng khรดng cรณ gรฌ ฤแบทc biแปt, rแบฅt nhรm chรกn.",0
"Giao hรng lรขu, rแบฅt khรณ chแปu.",0
"xe chแบกy bแปc,mแบกnh, cรฒn bแปn thรฌ chฦฐa biแบฟt.. giao hรng hฦกi lรขu.. nรณi chung sแบฃn phแบฉm chแบฅt lฦฐแปฃng vร giao ฤรบng yรชu cแบงu . cรณ dแปp sแบป แปงng hแป thรชm",2
"Cแปng sแบกc USB thรดng minh, Thiแบฟt kแบฟ sang trแปng vร tiแปn dแปฅng, Khe cแบฏm ฤiแปn thoแบกi tiแปn lแปฃi, Cแปng sแบกc USB tiแปn lแปฃi,",1
"Thแปi gian giao hรng vแปซa phแบฃi, khรดng nhanh cลฉng khรดng chแบญm.",1
"Sแบฃn phแบฉm khรดng tแปt cลฉng khรดng tแป, chแป lร hรng bรฌnh thฦฐแปng.",1
ฤแบนp lแบฏm shop,2
Hรng ok nhฦฐng thแบฅy vแป hแปp cรณ vแบฟt mแปฑc bi ฤรกnh,0
Giรก quรก cao so vแปi chแบฅt lฦฐแปฃng.,0
Hรng nhฦฐ lol,0
Hรng cรดng_ty mรกy chแบกy tแปt_Thanks,2
"Sแบฃn phแบฉm khรก vแปซa รฝ, nhฦฐng cลฉng khรดng cรณ gรฌ nแปi bแบญt.",1
